<?xml version="1.0" encoding="UTF-8"?>
<project-private xmlns="http://www.netbeans.org/ns/project-private/1">
    <editor-bookmarks xmlns="http://www.netbeans.org/ns/editor-bookmarks/2" lastBookmarkId="0"/>
    <open-files xmlns="http://www.netbeans.org/ns/projectui-open-files/2">
        <group>
            <file>file:/C:/Users/mpabad.CITTE-CCCEL-022/OneDrive%20-%20Universidad%20Técnica%20Particular%20de%20Loja%20-%20UTPL/Docencia/Distancia/Ingeniería%20de%20software/Tareas/Oct%202019/Aplicaciones%20GP2/ProyectVentaBoletos/src/proyect_clases/Boleto.java</file>
            <file>file:/C:/Users/mpabad.CITTE-CCCEL-022/OneDrive%20-%20Universidad%20Técnica%20Particular%20de%20Loja%20-%20UTPL/Docencia/Distancia/Ingeniería%20de%20software/Tareas/Oct%202019/Aplicaciones%20GP2/ProyectVentaBoletos/src/proyect_clases/Pasajero.java</file>
            <file>file:/C:/Users/mpabad.CITTE-CCCEL-022/OneDrive%20-%20Universidad%20Técnica%20Particular%20de%20Loja%20-%20UTPL/Docencia/Distancia/Ingeniería%20de%20software/Tareas/Oct%202019/Aplicaciones%20GP2/ProyectVentaBoletos/src/proyect_clases/ProyectVentaBoletos.java</file>
            <file>file:/C:/Users/mpabad.CITTE-CCCEL-022/OneDrive%20-%20Universidad%20Técnica%20Particular%20de%20Loja%20-%20UTPL/Docencia/Distancia/Ingeniería%20de%20software/Tareas/Oct%202019/Aplicaciones%20GP2/ProyectVentaBoletos/src/proyect_clases/Rutas.java</file>
            <file>file:/C:/Users/mpabad.CITTE-CCCEL-022/OneDrive%20-%20Universidad%20Técnica%20Particular%20de%20Loja%20-%20UTPL/Docencia/Distancia/Ingeniería%20de%20software/Tareas/Oct%202019/Aplicaciones%20GP2/ProyectVentaBoletos/src/proyect_clases/Usuario.java</file>
            <file>file:/C:/Users/mpabad.CITTE-CCCEL-022/OneDrive%20-%20Universidad%20Técnica%20Particular%20de%20Loja%20-%20UTPL/Docencia/Distancia/Ingeniería%20de%20software/Tareas/Oct%202019/Aplicaciones%20GP2/ProyectVentaBoletos/src/proyect_clases/UsuarioSistema.java</file>
            <file>file:/C:/Users/mpabad.CITTE-CCCEL-022/OneDrive%20-%20Universidad%20Técnica%20Particular%20de%20Loja%20-%20UTPL/Docencia/Distancia/Ingeniería%20de%20software/Tareas/Oct%202019/Aplicaciones%20GP2/ProyectVentaBoletos/src/proyect_gui/RegistroDeUsuarios.java</file>
            <file>file:/C:/Users/mpabad.CITTE-CCCEL-022/OneDrive%20-%20Universidad%20Técnica%20Particular%20de%20Loja%20-%20UTPL/Docencia/Distancia/Ingeniería%20de%20software/Tareas/Oct%202019/Aplicaciones%20GP2/ProyectVentaBoletos/src/proyect_gui/GUI_RegistroRutas.java</file>
            <file>file:/C:/Users/mpabad.CITTE-CCCEL-022/OneDrive%20-%20Universidad%20Técnica%20Particular%20de%20Loja%20-%20UTPL/Docencia/Distancia/Ingeniería%20de%20software/Tareas/Oct%202019/Aplicaciones%20GP2/ProyectVentaBoletos/src/proyect_gui/GUI_Principal.java</file>
            <file>file:/C:/Users/mpabad.CITTE-CCCEL-022/OneDrive%20-%20Universidad%20Técnica%20Particular%20de%20Loja%20-%20UTPL/Docencia/Distancia/Ingeniería%20de%20software/Tareas/Oct%202019/Aplicaciones%20GP2/ProyectVentaBoletos/src/proyect_gui/GUIi_AccesoSistema.java</file>
            <file>file:/C:/Users/mpabad.CITTE-CCCEL-022/OneDrive%20-%20Universidad%20Técnica%20Particular%20de%20Loja%20-%20UTPL/Docencia/Distancia/Ingeniería%20de%20software/Tareas/Oct%202019/Aplicaciones%20GP2/ProyectVentaBoletos/src/proyect_gui/GUI_RegistroUsuarios.java</file>
            <file>file:/C:/Users/mpabad.CITTE-CCCEL-022/OneDrive%20-%20Universidad%20Técnica%20Particular%20de%20Loja%20-%20UTPL/Docencia/Distancia/Ingeniería%20de%20software/Tareas/Oct%202019/Aplicaciones%20GP2/ProyectVentaBoletos/src/proyect_gui/RegistroDePasajero.java</file>
            <file>file:/C:/Users/mpabad.CITTE-CCCEL-022/OneDrive%20-%20Universidad%20Técnica%20Particular%20de%20Loja%20-%20UTPL/Docencia/Distancia/Ingeniería%20de%20software/Tareas/Oct%202019/Aplicaciones%20GP2/ProyectVentaBoletos/src/proyect_gui/GUI_RegistroPasajeros.java</file>
            <file>file:/C:/Users/mpabad.CITTE-CCCEL-022/OneDrive%20-%20Universidad%20Técnica%20Particular%20de%20Loja%20-%20UTPL/Docencia/Distancia/Ingeniería%20de%20software/Tareas/Oct%202019/Aplicaciones%20GP2/ProyectVentaBoletos/src/proyect_metodos/MetodoUsuario.java</file>
            <file>file:/C:/Users/mpabad.CITTE-CCCEL-022/OneDrive%20-%20Universidad%20Técnica%20Particular%20de%20Loja%20-%20UTPL/Docencia/Distancia/Ingeniería%20de%20software/Tareas/Oct%202019/Aplicaciones%20GP2/ProyectVentaBoletos/src/proyect_metodos/MetodoBoleto.java</file>
        </group>
    </open-files>
</project-private>
